{
  "group": "OSGC",
  "k": 20,
  "gmm_purity": 0.8991452991452992,
  "dec_purity": 0.8991452991452992,
  "purity_improvement": 0.0,
  "gmm_top_enrichment": 2.8329297820823243,
  "dec_top_enrichment": 2.288135593220339
}