{
  "group": "Other",
  "k_range": [
    1,
    2,
    3,
    4,
    5,
    6,
    7,
    8,
    9,
    10,
    11,
    12,
    13,
    14,
    15,
    16,
    17,
    18,
    19,
    20,
    21,
    22,
    23,
    24,
    25,
    26,
    27,
    28,
    29,
    30,
    31,
    32,
    33,
    34,
    35,
    36,
    37,
    38,
    39,
    40,
    41,
    42,
    43,
    44,
    45,
    46,
    47,
    48,
    49,
    50,
    51,
    52,
    53,
    54,
    55,
    56,
    57,
    58,
    59,
    60,
    61,
    62,
    63,
    64,
    65,
    66,
    67,
    68,
    69,
    70,
    71,
    72,
    73,
    74,
    75,
    76,
    77,
    78,
    79,
    80
  ],
  "bic_values": [
    -7253.443083146576,
    -9489.045662039545,
    -9979.324022182516,
    -10166.644374512985,
    -10285.375859655956,
    -10376.852461986426,
    -10129.205040879395,
    -9896.109377584866,
    -9636.691448665337,
    -9352.978597870806,
    -9149.379028326275,
    -8873.592935344244,
    -8516.849811112215,
    -8300.769772817686,
    -8018.2375860856555,
    -7578.416336853625,
    -7475.784540746595,
    -7055.205479014565,
    -6676.921339157534,
    -6339.651847738005,
    -6044.253450068474,
    -5874.332591461445,
    -5426.602162541914,
    -5022.6656789348835,
    -4767.5280234528545,
    -4441.623766408324,
    -4107.100368738795,
    -3933.967596069264,
    -3530.135604649733,
    -3145.475488230204,
    -2750.2177155606732,
    -2454.9462710161442,
    -2133.6338108466134,
    -1771.4854131770826,
    -1513.8917030075536,
    -1196.2901803380228,
    -878.8214701684919,
    -560.8312756239648,
    -210.84889357943393,
    83.95184784009689,
    581.2604017596277,
    840.8970806791585,
    1276.9165720986857,
    1485.8462197682165,
    1875.7192268127474,
    2123.094186982278,
    2494.685944026809,
    2842.140982321336,
    3067.113598740867,
    3419.820590160398,
    3742.6799253299287,
    4197.9142604994595,
    4466.937658168987,
    4721.3067589635175,
    5174.539141008048,
    5565.091835552579,
    5863.59374884711,
    6200.982380891637,
    6449.240153561168,
    6858.634644980699,
    7259.65218327523,
    7497.17948719476,
    7933.200931739288,
    8211.154016908818,
    8579.77507082835,
    8877.03284349788,
    9113.148038042411,
    9509.233935711938,
    9853.019052131469,
    10070.060027925996,
    10545.183034970527,
    10882.936901390058,
    11210.401705309589,
    11594.70830610412,
    11793.12818814865,
    12219.374242068181,
    12604.616389737712,
    12959.401506157243,
    13304.170997576774,
    13664.557676496297
  ],
  "k_selected": 6,
  "selection_method": "min_bic"
}