{
  "group": "DSGC",
  "k": 30,
  "gmm_purity": 0.8628309360016677,
  "dec_purity": 0.8628309360016677,
  "purity_improvement": 0.0,
  "gmm_top_enrichment": 2.8351063829787235,
  "dec_top_enrichment": 2.430091185410334
}